ID,Date,Price (USD)
1,2024-01-20 00:00:00,41600.94093254464
1,2024-01-21 00:00:00,41626.10711003664
1,2024-01-22 00:00:00,41541.89945706261
1,2024-01-23 00:00:00,39504.73005758438
1,2024-01-24 00:00:00,39833.45410501688
1,2024-01-25 00:00:00,40123.67105847147
1,2024-01-26 00:00:00,39938.28644155878
1,2024-01-27 00:00:00,41862.9356109399
1,2024-01-28 00:00:00,42119.61049464309
1,2024-01-29 00:00:00,42026.57856232145
1,2024-01-30 00:00:00,43267.60927638767
1,2024-01-31 00:00:00,42892.03453014447
1,2024-02-01 00:00:00,42583.26354663417
1,2024-02-02 00:00:00,43069.043420936796
1,2024-02-03 00:00:00,43170.65856159975
1,2024-02-04 00:00:00,42976.84829990829
1,2024-02-05 00:00:00,42599.35997055978
1,2024-02-06 00:00:00,42648.45692113544
1,2024-02-07 00:00:00,43087.78740814285
1,2024-02-08 00:00:00,44247.415415479314
1,2024-02-09 00:00:00,45338.271189789484
1,2024-02-10 00:00:00,47143.24299107112
1,2024-02-11 00:00:00,47768.995251247936
1,2024-02-12 00:00:00,48189.88179303987
1,2024-02-13 00:00:00,50050.13609456397
1,2024-02-14 00:00:00,49732.14536955351
1,2024-02-15 00:00:00,51790.16929752642
1,2024-02-16 00:00:00,51958.23029105492
1,2024-02-17 00:00:00,52166.43430976192
1,2024-02-18 00:00:00,51684.51749264525
1,2024-02-19 00:00:00,52138.48578873693
1,2024-02-20 00:00:00,51764.313185487765
1,2024-02-21 00:00:00,52286.79372554667
1,2024-02-22 00:00:00,51842.75676625642
1,2024-02-23 00:00:00,51319.500125702674
1,2024-02-24 00:00:00,50841.081094770896
1,2024-02-25 00:00:00,51553.096712831146
1,2024-02-26 00:00:00,51751.884054934555
1,2024-02-27 00:00:00,54478.191083122954
1,2024-02-28 00:00:00,57003.52673730811
1,2024-02-29 00:00:00,62558.58202419311
1,2024-03-01 00:00:00,61298.216861101624
1,2024-03-02 00:00:00,62426.64052919186
1,2024-03-03 00:00:00,62067.86680212177
1,2024-03-04 00:00:00,63053.10543906421
1,2024-03-05 00:00:00,68186.64593432152
1,2024-03-06 00:00:00,64291.536557569496
1,2024-03-07 00:00:00,66145.91927850846
1,2024-03-08 00:00:00,66944.87639053575
1,2024-03-09 00:00:00,68315.25192078314
1,2024-03-10 00:00:00,68508.0039626159
1,2024-03-11 00:00:00,69075.66688195744
1,2024-03-12 00:00:00,72130.55300765681
1,2024-03-13 00:00:00,71467.17350326062
1,2024-03-14 00:00:00,73097.76702694128
1,2024-03-15 00:00:00,71420.03180142345
1,2024-03-16 00:00:00,69497.7631929463
1,2024-03-17 00:00:00,65292.31329331289
1,2024-03-18 00:00:00,68425.41565643054
1,2024-03-19 00:00:00,67708.94360930806
1,2024-03-20 00:00:00,62132.51737873437
1,2024-03-21 00:00:00,67819.05570684028
1,2024-03-22 00:00:00,65535.97844847657
1,2024-03-23 00:00:00,63509.04496523133
1,2024-03-24 00:00:00,64285.80279102199
1,2024-03-25 00:00:00,67310.98326810106
1,2024-03-26 00:00:00,69938.94530200244
1,2024-03-27 00:00:00,70082.05122475982
1,2024-03-28 00:00:00,69435.75040305211
1,2024-03-29 00:00:00,70710.19534863312
1,2024-03-30 00:00:00,69919.05546148612
1,2024-03-31 00:00:00,69702.3087473573
1,2024-04-01 00:00:00,71246.95144060145
1,2024-04-02 00:00:00,69785.92503802372
1,2024-04-03 00:00:00,65440.41922587159
1,2024-04-04 00:00:00,66123.938539074
1,2024-04-05 00:00:00,68542.17715279506
1,2024-04-06 00:00:00,67978.61023408506
1,2024-04-07 00:00:00,69000.6499164776
1,2024-04-08 00:00:00,69401.97360911008
1,2024-04-09 00:00:00,71624.18486236996
1,2024-04-10 00:00:00,69158.64381207665
1,2024-04-11 00:00:00,70527.88997578963
1,2024-04-12 00:00:00,70106.66413070948
1,2024-04-13 00:00:00,67252.10504226631
1,2024-04-14 00:00:00,64404.82548907413
1,2024-04-15 00:00:00,65752.66004728881
1,2024-04-16 00:00:00,63430.5714573684
1,2024-04-17 00:00:00,63720.501587480736
1,2024-04-18 00:00:00,61328.89798860725
1,2024-04-19 00:00:00,63461.592695107174
1,2024-04-20 00:00:00,63988.818471785664
1,2024-04-21 00:00:00,64894.41869109179
1,2024-04-22 00:00:00,64936.4207567739
1,2024-04-23 00:00:00,66841.66685207361
1,2024-04-24 00:00:00,66406.95244392671
1,2024-04-25 00:00:00,64279.51812857524
1,2024-04-26 00:00:00,64486.183359158975
1,2024-04-27 00:00:00,63802.330049258766
1,2024-04-28 00:00:00,63517.248743409626
1,2024-04-29 00:00:00,63030.433616681854
1,2024-04-30 00:00:00,63797.67963589958
1,2024-05-01 00:00:00,60749.47209216387
1,2024-05-02 00:00:00,58297.574075325494
1,2024-05-03 00:00:00,59135.1733607733
1,2024-05-04 00:00:00,62839.34073569376
1,2024-05-05 00:00:00,63820.451902924986
1,2024-05-06 00:00:00,64010.00865210892
1,2024-05-07 00:00:00,63172.48129551341
1,2024-05-08 00:00:00,62363.057191718624
1,2024-05-09 00:00:00,61215.50400879193
1,2024-05-10 00:00:00,63148.599943097026
1,2024-05-11 00:00:00,60888.21674957157
1,2024-05-12 00:00:00,60776.972079172134
1,2024-05-13 00:00:00,61507.054004121346
1,2024-05-14 00:00:00,62878.783300729294
1,2024-05-15 00:00:00,61569.1130057734
1,2024-05-16 00:00:00,66220.51831432826
1,2024-05-17 00:00:00,65260.879803346186
1,2024-05-18 00:00:00,67053.12326509564
1,2024-05-19 00:00:00,66912.61861403697
1,2024-05-20 00:00:00,66252.71259591613
1,2024-05-21 00:00:00,71430.29700215145
1,2024-05-22 00:00:00,70189.8358177002
1,2024-05-23 00:00:00,69181.20085677762
1,2024-05-24 00:00:00,67906.46534276106
1,2024-05-25 00:00:00,68539.91646552991
1,2024-05-26 00:00:00,69268.44558973772
1,2024-05-27 00:00:00,68508.83110875699
1,2024-05-28 00:00:00,69367.23871755725
1,2024-05-29 00:00:00,68316.63588049631
1,2024-05-30 00:00:00,67577.26558995963
1,2024-05-31 00:00:00,68372.49288434093
1,2024-06-01 00:00:00,67474.95483698409
1,2024-06-02 00:00:00,67704.32641811523
1,2024-06-03 00:00:00,67740.01690222476
1,2024-06-04 00:00:00,68808.29368590549
1,2024-06-05 00:00:00,70600.01116676089
1,2024-06-06 00:00:00,71184.59943059199
1,2024-06-07 00:00:00,70759.58819301432
1,2024-06-08 00:00:00,69325.36238847222
1,2024-06-09 00:00:00,69315.1041233966
1,2024-06-10 00:00:00,69654.16073760358
1,2024-06-11 00:00:00,69493.17760915738
1,2024-06-12 00:00:00,67329.15232724321
1,2024-06-13 00:00:00,68224.51967501991
1,2024-06-14 00:00:00,66700.31696564378
1,2024-06-15 00:00:00,66011.07873713733
1,2024-06-16 00:00:00,66190.4874891135
1,2024-06-17 00:00:00,66615.53782131766
1,2024-06-18 00:00:00,66460.38897909952
1,2024-06-19 00:00:00,65109.314812190474
1,2024-06-20 00:00:00,64907.07460760319
1,2024-06-21 00:00:00,64844.67441797763
1,2024-06-22 00:00:00,64071.624284709695
1,2024-06-23 00:00:00,64239.90348813148
1,2024-06-24 00:00:00,63221.35738437477
1,2024-06-25 00:00:00,60363.23497529626
1,2024-06-26 00:00:00,61770.413870095355
1,2024-06-27 00:00:00,60749.89619402014
1,2024-06-28 00:00:00,61562.64532550036
1,2024-06-29 00:00:00,60317.09697945116
1,2024-06-30 00:00:00,60864.44316193428
1,2024-07-01 00:00:00,62734.39383945474
1,2024-07-02 00:00:00,62819.82226921849
1,2024-07-03 00:00:00,62042.5650371006
1,2024-07-04 00:00:00,60244.68076433092
1,2024-07-05 00:00:00,57189.17412408636
1,2024-07-06 00:00:00,56739.86285107204
1,2024-07-07 00:00:00,58230.4841542266
1,2024-07-08 00:00:00,55880.3753776708
1,2024-07-09 00:00:00,56665.140733520275
1,2024-07-10 00:00:00,57988.30351208401
1,2024-07-11 00:00:00,57704.202284462874
1,2024-07-12 00:00:00,57388.192479166675
1,2024-07-13 00:00:00,57899.28895749592
1,2024-07-14 00:00:00,59152.71913887286
1,2024-07-15 00:00:00,60942.32773996293
1,2024-07-16 00:00:00,64835.48973321571
1,2024-07-17 00:00:00,65162.23625234354
1,2024-07-18 00:00:00,64136.31384360687
1,2024-07-19 00:00:00,63959.56900809379
1,2024-07-20 00:00:00,66689.54880734957
1,2024-07-21 00:00:00,67206.06470614894
1,2024-07-22 00:00:00,68088.13996324532
1,2024-07-23 00:00:00,67607.71339918874
1,2024-07-24 00:00:00,65942.41746522837
1,2024-07-25 00:00:00,65403.53513022529
1,2024-07-26 00:00:00,65749.96361965332
1,2024-07-27 00:00:00,67920.2964857025
1,2024-07-28 00:00:00,68055.40838968738
1,2024-07-29 00:00:00,68242.2474440493
1,2024-07-30 00:00:00,66770.32091848266
1,2024-07-31 00:00:00,66219.05102486102
1,2024-08-01 00:00:00,64679.778647032515
1,2024-08-02 00:00:00,65357.52960767435
1,2024-08-03 00:00:00,61407.29547397454
1,2024-08-04 00:00:00,60738.7449250574
1,2024-08-05 00:00:00,58006.206586686734
1,2024-08-06 00:00:00,53956.26184159744
1,2024-08-07 00:00:00,55959.84107399357
1,2024-08-08 00:00:00,55099.95181146735
1,2024-08-09 00:00:00,61859.03159904161
1,2024-08-10 00:00:00,60912.588533350805
1,2024-08-11 00:00:00,60887.70861641504
1,2024-08-12 00:00:00,58804.23449992608
1,2024-08-13 00:00:00,59350.07433270696
1,2024-08-14 00:00:00,60601.22317789727
1,2024-08-15 00:00:00,58739.19382231015
1,2024-08-16 00:00:00,57624.11692852191
1,2024-08-17 00:00:00,58881.92579151217
1,2024-08-18 00:00:00,59430.79163445865
1,2024-08-19 00:00:00,58438.293742685404
1,2024-08-20 00:00:00,59574.945812940874
1,2024-08-21 00:00:00,59060.12610074137
1,2024-08-22 00:00:00,61144.68762866613
1,2024-08-23 00:00:00,60387.54062321362
1,2024-08-24 00:00:00,64049.68561555576
1,2024-08-25 00:00:00,64157.1606134782
1,2024-08-26 00:00:00,64265.81631272862
1,2024-08-27 00:00:00,62922.58634676265
1,2024-08-28 00:00:00,59526.560879590994
1,2024-08-29 00:00:00,59015.29633887944
1,2024-08-30 00:00:00,59351.5794909728
1,2024-08-31 00:00:00,59156.246036463555
1,2024-09-01 00:00:00,58960.23658664587
1,2024-09-02 00:00:00,57357.71617282246
1,2024-09-03 00:00:00,59108.73235863689
1,2024-09-04 00:00:00,57504.538586220435
1,2024-09-05 00:00:00,57987.84601410068
1,2024-09-06 00:00:00,56132.404732088595
1,2024-09-07 00:00:00,53923.35611071905
1,2024-09-08 00:00:00,54150.9383589072
1,2024-09-09 00:00:00,54792.40755768575
1,2024-09-10 00:00:00,57049.118751143265
1,2024-09-11 00:00:00,57624.16178336144
1,2024-09-12 00:00:00,57381.764445000474
1,2024-09-13 00:00:00,58106.951229815284
1,2024-09-14 00:00:00,60620.62747295754
1,2024-09-15 00:00:00,60003.29940083042
1,2024-09-16 00:00:00,59214.80226801806
1,2024-09-17 00:00:00,58211.123231286256
1,2024-09-18 00:00:00,60317.0319794625
1,2024-09-19 00:00:00,61440.41208494509
1,2024-09-20 00:00:00,62966.52931910512
1,2024-09-21 00:00:00,63128.224540748255
1,2024-09-22 00:00:00,63403.402349259355
1,2024-09-23 00:00:00,63582.59956924825
1,2024-09-24 00:00:00,63327.02654450202
1,2024-09-25 00:00:00,64334.14274876097
1,2024-09-26 00:00:00,63151.89959401337
1,2024-09-27 00:00:00,65130.76884023231
1,2024-09-28 00:00:00,65791.00212541742
1,2024-09-29 00:00:00,65934.10709441357
1,2024-09-30 00:00:00,65663.68986662335
1,2024-10-01 00:00:00,63243.27532464382
1,2024-10-02 00:00:00,60872.668543725544
1,2024-10-03 00:00:00,60655.55979196848
1,2024-10-04 00:00:00,60727.86395169296
1,2024-10-05 00:00:00,62103.01047283253
1,2024-10-06 00:00:00,62091.932585194016
1,2024-10-07 00:00:00,62811.79972811266
1,2024-10-08 00:00:00,62287.39010510681
1,2024-10-09 00:00:00,62185.230423727575
1,2024-10-10 00:00:00,60597.15045618275
1,2024-10-11 00:00:00,60195.18073772453
1,2024-10-12 00:00:00,62392.34048293159
1,2024-10-13 00:00:00,63207.77062127557
1,2024-10-14 00:00:00,62829.533686088886
1,2024-10-15 00:00:00,66049.99492708022
1,2024-10-16 00:00:00,66962.21994496793
1,2024-10-17 00:00:00,67647.54414766871
1,2024-10-18 00:00:00,67328.10527002988
1,2024-10-19 00:00:00,68465.61920668735
1,2024-10-20 00:00:00,68388.87128965274
1,2024-10-21 00:00:00,68962.82918045693
1,2024-10-22 00:00:00,67394.85775735618
1,2024-10-23 00:00:00,67351.04793512498
1,2024-10-24 00:00:00,66683.96806542306
1,2024-10-25 00:00:00,68214.05205157402
1,2024-10-26 00:00:00,66585.66535501445
1,2024-10-27 00:00:00,67018.1650170265
1,2024-10-28 00:00:00,67938.55412885673
1,2024-10-29 00:00:00,69845.304531169
1,2024-10-30 00:00:00,72781.11308158132
1,2024-10-31 00:00:00,72342.62171127986
1,2024-11-01 00:00:00,70264.99735573279
1,2024-11-02 00:00:00,69507.92256395647
1,2024-11-03 00:00:00,69299.16036699413
1,2024-11-04 00:00:00,68803.50626277467
1,2024-11-05 00:00:00,67793.29782704762
1,2024-11-06 00:00:00,69335.42553133758
1,2024-11-07 00:00:00,75620.88606963192
1,2024-11-08 00:00:00,75987.24178320667
1,2024-11-09 00:00:00,76550.0213845611
1,2024-11-10 00:00:00,76630.22631415377
1,2024-11-11 00:00:00,80466.71654833542
1,2024-11-12 00:00:00,88637.42000322911
1,2024-11-13 00:00:00,88264.59974582895
1,2024-11-14 00:00:00,90488.10007497849
1,2024-11-15 00:00:00,87407.51273710128
1,2024-11-16 00:00:00,90947.97509443703
1,2024-11-17 00:00:00,90606.45489380708
1,2024-11-18 00:00:00,89841.47194135105
1,2024-11-19 00:00:00,90534.62459650292
1,2024-11-20 00:00:00,92251.65240738312
1,2024-11-21 00:00:00,94217.02229634205
1,2024-11-22 00:00:00,98509.11859102432
1,2024-11-23 00:00:00,98927.49494553401
1,2024-11-24 00:00:00,97679.46381643033
1,2024-11-25 00:00:00,98015.9355289458
1,2024-11-26 00:00:00,93004.70093103287
1,2024-11-27 00:00:00,91931.83077291827
1,2024-11-28 00:00:00,95981.18057210564
1,2024-11-29 00:00:00,95661.59595817851
1,2024-11-30 00:00:00,97453.2473451042
1,2024-12-01 00:00:00,96513.14234698225
1,2024-12-02 00:00:00,97311.70719084324
1,2024-12-03 00:00:00,95833.1362300365
1,2024-12-04 00:00:00,96031.63097759831
1,2024-12-05 00:00:00,98881.4694561823
1,2024-12-06 00:00:00,97201.50036407741
1,2024-12-07 00:00:00,99973.85150659826
1,2024-12-08 00:00:00,99781.82999198174
1,2024-12-09 00:00:00,101235.3717025316
1,2024-12-10 00:00:00,97353.94700820887
1,2024-12-11 00:00:00,96649.71446771531
1,2024-12-12 00:00:00,101123.61811033697
1,2024-12-13 00:00:00,100000.80836535197
1,2024-12-14 00:00:00,101352.22971292294
1,2024-12-15 00:00:00,101367.01064553364
1,2024-12-16 00:00:00,104721.50151808978
1,2024-12-17 00:00:00,106074.10723541168
1,2024-12-18 00:00:00,106034.913402645
1,2024-12-19 00:00:00,100355.5761481501
1,2024-12-20 00:00:00,97851.35377075805
1,2024-12-21 00:00:00,97691.43431692653
1,2024-12-22 00:00:00,97202.82496847633
1,2024-12-23 00:00:00,95094.27394862173
1,2024-12-24 00:00:00,94644.91085464321
1,2024-12-25 00:00:00,98695.71400782601
1,2024-12-26 00:00:00,99344.95417367229
1,2024-12-27 00:00:00,95678.31244565405
1,2024-12-28 00:00:00,94331.94727053077
1,2024-12-29 00:00:00,95184.61945288602
1,2024-12-30 00:00:00,93663.44751964067
1,2024-12-31 00:00:00,92627.28213113277
1,2025-01-01 00:00:00,93507.85874741491
1,2025-01-02 00:00:00,94384.1761153871
1,2025-01-03 00:00:00,96852.14681235075
1,2025-01-04 00:00:00,98084.34279280754
1,2025-01-05 00:00:00,98256.73876849933
1,2025-01-06 00:00:00,98364.58946599838
1,2025-01-07 00:00:00,102229.39453189743
1,2025-01-08 00:00:00,96952.09886774956
1,2025-01-09 00:00:00,95016.71440989176
1,2025-01-10 00:00:00,92376.27578346101
1,2025-01-11 00:00:00,94736.6267420969
1,2025-01-12 00:00:00,94559.55167224213
1,2025-01-13 00:00:00,94454.77089638807
1,2025-01-14 00:00:00,94456.3493746993
1,2025-01-15 00:00:00,96574.07768799194
1,2025-01-16 00:00:00,100313.15239828422
1,2025-01-17 00:00:00,100044.57926776377
1,2025-01-18 00:00:00,104160.69358484233
1,2025-01-18 10:10:33,103183.97639675793
2,2024-01-20 00:00:00,2489.6180646533794
2,2024-01-21 00:00:00,2470.2636151036777
2,2024-01-22 00:00:00,2454.909543339834
2,2024-01-23 00:00:00,2307.5870034987734
2,2024-01-24 00:00:00,2241.942776155338
2,2024-01-25 00:00:00,2236.7393130974074
2,2024-01-26 00:00:00,2219.6145274459245
2,2024-01-27 00:00:00,2268.8707315074744
2,2024-01-28 00:00:00,2267.907851752534
2,2024-01-29 00:00:00,2257.0544646456055
2,2024-01-30 00:00:00,2314.59472753004
2,2024-01-31 00:00:00,2344.001400019654
2,2024-02-01 00:00:00,2282.4858670158414
2,2024-02-02 00:00:00,2301.737299308667
2,2024-02-03 00:00:00,2307.4329984830933
2,2024-02-04 00:00:00,2294.7159248044077
2,2024-02-05 00:00:00,2290.084492877089
2,2024-02-06 00:00:00,2298.669906674278
2,2024-02-07 00:00:00,2372.7608787345252
2,2024-02-08 00:00:00,2424.0730404652095
2,2024-02-09 00:00:00,2420.9685614791365
2,2024-02-10 00:00:00,2487.8508971967804
2,2024-02-11 00:00:00,2499.4921841564314
2,2024-02-12 00:00:00,2505.076808453919
2,2024-02-13 00:00:00,2657.990407976775
2,2024-02-14 00:00:00,2641.5360974921623
2,2024-02-15 00:00:00,2780.372974906562
2,2024-02-16 00:00:00,2826.821475855177
2,2024-02-17 00:00:00,2807.3717030539606
2,2024-02-18 00:00:00,2788.561332499608
2,2024-02-19 00:00:00,2874.945276040071
2,2024-02-20 00:00:00,2943.723084777655
2,2024-02-21 00:00:00,3015.438952062055
2,2024-02-22 00:00:00,2977.0820166829903
2,2024-02-23 00:00:00,2974.1315861319913
2,2024-02-24 00:00:00,2926.2859129063513
2,2024-02-25 00:00:00,2988.317384063568
2,2024-02-26 00:00:00,3113.4082982877167
2,2024-02-27 00:00:00,3173.62994683714
2,2024-02-28 00:00:00,3242.0476538223666
2,2024-02-29 00:00:00,3380.8039555421246
2,2024-03-01 00:00:00,3347.6904724233455
2,2024-03-02 00:00:00,3431.75199772032
2,2024-03-03 00:00:00,3421.89214692414
2,2024-03-04 00:00:00,3487.190931866777
2,2024-03-05 00:00:00,3634.311067557102
2,2024-03-06 00:00:00,3581.5348849085663
2,2024-03-07 00:00:00,3822.365818156151
2,2024-03-08 00:00:00,3861.9009990137733
2,2024-03-09 00:00:00,3893.6138841967036
2,2024-03-10 00:00:00,3916.041187699099
2,2024-03-11 00:00:00,3887.473104733291
2,2024-03-12 00:00:00,4070.6040749869985
2,2024-03-13 00:00:00,3978.685771378112
2,2024-03-14 00:00:00,4007.9121260756656
2,2024-03-15 00:00:00,3879.038366642958
2,2024-03-16 00:00:00,3738.381184462065
2,2024-03-17 00:00:00,3514.222472178163
2,2024-03-18 00:00:00,3643.280347379834
2,2024-03-19 00:00:00,3525.8936406700236
2,2024-03-20 00:00:00,3171.293836639821
2,2024-03-21 00:00:00,3515.6884318548646
2,2024-03-22 00:00:00,3493.4304387798707
2,2024-03-23 00:00:00,3322.891277320318
2,2024-03-24 00:00:00,3353.371241538487
2,2024-03-25 00:00:00,3454.257071389558
2,2024-03-26 00:00:00,3588.493402189288
2,2024-03-27 00:00:00,3591.5485279028403
2,2024-03-28 00:00:00,3505.2181161826984
2,2024-03-29 00:00:00,3560.26151146781
2,2024-03-30 00:00:00,3516.096057627979
2,2024-03-31 00:00:00,3507.6606559474685
2,2024-04-01 00:00:00,3644.767598784896
2,2024-04-02 00:00:00,3508.2477201085417
2,2024-04-03 00:00:00,3274.901203544406
2,2024-04-04 00:00:00,3316.6829546775257
2,2024-04-05 00:00:00,3332.089836615912
2,2024-04-06 00:00:00,3320.2815889834437
2,2024-04-07 00:00:00,3362.838907503287
2,2024-04-08 00:00:00,3453.4361261792887
2,2024-04-09 00:00:00,3695.239391141908
2,2024-04-10 00:00:00,3503.6535996841044
2,2024-04-11 00:00:00,3539.7630640649413
2,2024-04-12 00:00:00,3508.5784984486436
2,2024-04-13 00:00:00,3245.5005926983195
2,2024-04-14 00:00:00,3022.0057852476043
2,2024-04-15 00:00:00,3157.683765827796
2,2024-04-16 00:00:00,3101.190735674771
2,2024-04-17 00:00:00,3083.7060147660673
2,2024-04-18 00:00:00,2982.6157347097997
2,2024-04-19 00:00:00,3064.9115922294277
2,2024-04-20 00:00:00,3065.682561565907
2,2024-04-21 00:00:00,3152.1915066519473
2,2024-04-22 00:00:00,3147.13775429932
2,2024-04-23 00:00:00,3199.769589894069
2,2024-04-24 00:00:00,3218.9672686428075
2,2024-04-25 00:00:00,3138.814357009402
2,2024-04-26 00:00:00,3157.6193174815944
2,2024-04-27 00:00:00,3131.4192197400516
2,2024-04-28 00:00:00,3259.2522227654413
2,2024-04-29 00:00:00,3259.503404256033
2,2024-04-30 00:00:00,3213.6890004948136
2,2024-05-01 00:00:00,3018.549635877818
2,2024-05-02 00:00:00,2976.0902075157046
2,2024-05-03 00:00:00,2988.5486490452654
2,2024-05-04 00:00:00,3102.1512923656555
2,2024-05-05 00:00:00,3115.0233215730136
2,2024-05-06 00:00:00,3136.57511039041
2,2024-05-07 00:00:00,3064.5913995603364
2,2024-05-08 00:00:00,3015.1597696166846
2,2024-05-09 00:00:00,2975.72696606529
2,2024-05-10 00:00:00,3038.3447046668207
2,2024-05-11 00:00:00,2910.684500017475
2,2024-05-12 00:00:00,2908.9827849031903
2,2024-05-13 00:00:00,2931.3106669139133
2,2024-05-14 00:00:00,2948.3034552659406
2,2024-05-15 00:00:00,2881.7959916152945
2,2024-05-16 00:00:00,3035.758955126304
2,2024-05-17 00:00:00,2943.5851283842208
2,2024-05-18 00:00:00,3095.9968442929658
2,2024-05-19 00:00:00,3120.5493782541066
2,2024-05-20 00:00:00,3071.324418093757
2,2024-05-21 00:00:00,3656.390090299324
2,2024-05-22 00:00:00,3792.486220211773
2,2024-05-23 00:00:00,3741.897740560911
2,2024-05-24 00:00:00,3766.398091341944
2,2024-05-25 00:00:00,3727.065981583209
2,2024-05-26 00:00:00,3750.077159389676
2,2024-05-27 00:00:00,3825.277957577714
2,2024-05-28 00:00:00,3893.3921058941055
2,2024-05-29 00:00:00,3840.68886040005
2,2024-05-30 00:00:00,3765.3025567780796
2,2024-05-31 00:00:00,3748.6391523334596
2,2024-06-01 00:00:00,3761.0692456476336
2,2024-06-02 00:00:00,3813.452441559934
2,2024-06-03 00:00:00,3780.7119847349145
2,2024-06-04 00:00:00,3766.6376499412618
2,2024-06-05 00:00:00,3814.932030146498
2,2024-06-06 00:00:00,3871.0820906216727
2,2024-06-07 00:00:00,3812.701856549199
2,2024-06-08 00:00:00,3679.3766523741783
2,2024-06-09 00:00:00,3683.0253801346485
2,2024-06-10 00:00:00,3705.8998844045504
2,2024-06-11 00:00:00,3666.8276647258203
2,2024-06-12 00:00:00,3498.5559542215797
2,2024-06-13 00:00:00,3559.4475336257624
2,2024-06-14 00:00:00,3465.316584199481
2,2024-06-15 00:00:00,3478.7748349889234
2,2024-06-16 00:00:00,3565.1232591862595
2,2024-06-17 00:00:00,3618.508652976102
2,2024-06-18 00:00:00,3510.3586935289036
2,2024-06-19 00:00:00,3480.4713384276088
2,2024-06-20 00:00:00,3555.9658395535403
2,2024-06-21 00:00:00,3511.28482815368
2,2024-06-22 00:00:00,3516.88098000528
2,2024-06-23 00:00:00,3494.7985621731755
2,2024-06-24 00:00:00,3417.7971372978254
2,2024-06-25 00:00:00,3357.1006400727606
2,2024-06-26 00:00:00,3395.304687339692
2,2024-06-27 00:00:00,3365.9446697083863
2,2024-06-28 00:00:00,3442.910158110125
2,2024-06-29 00:00:00,3374.6051303067916
2,2024-06-30 00:00:00,3371.278227967461
2,2024-07-01 00:00:00,3435.3183276337395
2,2024-07-02 00:00:00,3438.009078999906
2,2024-07-03 00:00:00,3417.8984255478363
2,2024-07-04 00:00:00,3295.808464429979
2,2024-07-05 00:00:00,3069.0434008340803
2,2024-07-06 00:00:00,2984.398102498264
2,2024-07-07 00:00:00,3066.247437954064
2,2024-07-08 00:00:00,2928.6012310061665
2,2024-07-09 00:00:00,3016.0833537946064
2,2024-07-10 00:00:00,3064.0923605197886
2,2024-07-11 00:00:00,3099.7101861313545
2,2024-07-12 00:00:00,3102.0902302291074
2,2024-07-13 00:00:00,3132.980838609695
2,2024-07-14 00:00:00,3173.5042341380185
2,2024-07-15 00:00:00,3252.654184707363
2,2024-07-16 00:00:00,3488.5387580277174
2,2024-07-17 00:00:00,3446.7658893041003
2,2024-07-18 00:00:00,3389.441287038116
2,2024-07-19 00:00:00,3428.5520187667257
2,2024-07-20 00:00:00,3505.222536388452
2,2024-07-21 00:00:00,3522.8013028122487
2,2024-07-22 00:00:00,3533.118349531153
2,2024-07-23 00:00:00,3443.073350817144
2,2024-07-24 00:00:00,3482.9837705931927
2,2024-07-25 00:00:00,3336.3802530382436
2,2024-07-26 00:00:00,3173.7633983274727
2,2024-07-27 00:00:00,3278.1869575279507
2,2024-07-28 00:00:00,3254.611672582785
2,2024-07-29 00:00:00,3272.8501306701373
2,2024-07-30 00:00:00,3316.942188773212
2,2024-07-31 00:00:00,3276.981779516743
2,2024-08-01 00:00:00,3233.076804863122
2,2024-08-02 00:00:00,3204.2465237463616
2,2024-08-03 00:00:00,2983.300976694291
2,2024-08-04 00:00:00,2906.7150241765007
2,2024-08-05 00:00:00,2682.4373928187924
2,2024-08-06 00:00:00,2415.6311394312143
2,2024-08-07 00:00:00,2455.51137665051
2,2024-08-08 00:00:00,2341.590346028249
2,2024-08-09 00:00:00,2685.012750687489
2,2024-08-10 00:00:00,2602.1840712761878
2,2024-08-11 00:00:00,2608.0357436286963
2,2024-08-12 00:00:00,2558.790870730736
2,2024-08-13 00:00:00,2726.777988551933
2,2024-08-14 00:00:00,2703.5505587641255
2,2024-08-15 00:00:00,2662.780395092489
2,2024-08-16 00:00:00,2569.8604812159274
2,2024-08-17 00:00:00,2592.249006212312
2,2024-08-18 00:00:00,2613.139261446099
2,2024-08-19 00:00:00,2614.6012806263716
2,2024-08-20 00:00:00,2640.5904207330605
2,2024-08-21 00:00:00,2575.643435503567
2,2024-08-22 00:00:00,2630.2988017642488
2,2024-08-23 00:00:00,2623.289171364539
2,2024-08-24 00:00:00,2763.2554073640704
2,2024-08-25 00:00:00,2767.840733546234
2,2024-08-26 00:00:00,2745.164671605207
2,2024-08-27 00:00:00,2683.0801154902983
2,2024-08-28 00:00:00,2457.2773517547434
2,2024-08-29 00:00:00,2527.0269814017706
2,2024-08-30 00:00:00,2526.7383553003406
2,2024-08-31 00:00:00,2527.690204915795
2,2024-09-01 00:00:00,2513.3643501004462
2,2024-09-02 00:00:00,2430.0202661439344
2,2024-09-03 00:00:00,2534.9048168403706
2,2024-09-04 00:00:00,2437.1471557556497
2,2024-09-05 00:00:00,2448.30785784089
2,2024-09-06 00:00:00,2367.7700509506026
2,2024-09-07 00:00:00,2223.780428382685
2,2024-09-08 00:00:00,2272.6972849951912
2,2024-09-09 00:00:00,2296.4029520764498
2,2024-09-10 00:00:00,2359.565766831627
2,2024-09-11 00:00:00,2389.4740111256497
2,2024-09-12 00:00:00,2342.9639236941434
2,2024-09-13 00:00:00,2362.300238174588
2,2024-09-14 00:00:00,2445.08621032297
2,2024-09-15 00:00:00,2418.0828083179904
2,2024-09-16 00:00:00,2322.6433317480564
2,2024-09-17 00:00:00,2295.1348386540835
2,2024-09-18 00:00:00,2341.0924132597524
2,2024-09-19 00:00:00,2361.960992100706
2,2024-09-20 00:00:00,2465.2347833172967
2,2024-09-21 00:00:00,2557.6218555442515
2,2024-09-22 00:00:00,2614.599604753501
2,2024-09-23 00:00:00,2582.847683741262
2,2024-09-24 00:00:00,2647.9931622033255
2,2024-09-25 00:00:00,2653.844345308008
2,2024-09-26 00:00:00,2578.566359563475
2,2024-09-27 00:00:00,2630.94983700893
2,2024-09-28 00:00:00,2698.1928212346033
2,2024-09-29 00:00:00,2680.218702062471
2,2024-09-30 00:00:00,2659.611211611689
2,2024-10-01 00:00:00,2597.3411516834435
2,2024-10-02 00:00:00,2451.631522589772
2,2024-10-03 00:00:00,2365.231040243019
2,2024-10-04 00:00:00,2348.0048369247393
2,2024-10-05 00:00:00,2416.9184055552637
2,2024-10-06 00:00:00,2415.4038137445546
2,2024-10-07 00:00:00,2438.030912544012
2,2024-10-08 00:00:00,2422.7506412955013
2,2024-10-09 00:00:00,2441.4651696200294
2,2024-10-10 00:00:00,2367.615096789395
2,2024-10-11 00:00:00,2381.7817088014776
2,2024-10-12 00:00:00,2435.7137843692162
2,2024-10-13 00:00:00,2477.6130275578225
2,2024-10-14 00:00:00,2466.8607267086663
2,2024-10-15 00:00:00,2628.504376157751
2,2024-10-16 00:00:00,2602.0760435960988
2,2024-10-17 00:00:00,2611.700159182395
2,2024-10-18 00:00:00,2603.1202923346113
2,2024-10-19 00:00:00,2643.156520987104
2,2024-10-20 00:00:00,2649.979289580214
2,2024-10-21 00:00:00,2742.9591411600395
2,2024-10-22 00:00:00,2665.731938974013
2,2024-10-23 00:00:00,2619.5653130506435
2,2024-10-24 00:00:00,2524.1038563091197
2,2024-10-25 00:00:00,2536.234041319884
2,2024-10-26 00:00:00,2422.09328922875
2,2024-10-27 00:00:00,2479.3736032443317
2,2024-10-28 00:00:00,2505.502947138879
2,2024-10-29 00:00:00,2564.8138556782997
2,2024-10-30 00:00:00,2638.637351278122
2,2024-10-31 00:00:00,2657.6141818494384
2,2024-11-01 00:00:00,2514.750787241073
2,2024-11-02 00:00:00,2513.8372870612066
2,2024-11-03 00:00:00,2491.352150058657
2,2024-11-04 00:00:00,2456.979687344711
2,2024-11-05 00:00:00,2395.9472139132804
2,2024-11-06 00:00:00,2422.368479855642
2,2024-11-07 00:00:00,2720.6217450068793
2,2024-11-08 00:00:00,2894.9718733838376
2,2024-11-09 00:00:00,2960.9593369382137
2,2024-11-10 00:00:00,3130.035524073996
2,2024-11-11 00:00:00,3191.9044555518153
2,2024-11-12 00:00:00,3372.7914863430115
2,2024-11-13 00:00:00,3260.934386131155
2,2024-11-14 00:00:00,3191.8991843987947
2,2024-11-15 00:00:00,3059.812296932496
2,2024-11-16 00:00:00,3093.913043390382
2,2024-11-17 00:00:00,3133.8802234191417
2,2024-11-18 00:00:00,3075.534532601624
2,2024-11-19 00:00:00,3209.4239073326826
2,2024-11-20 00:00:00,3112.9098010150224
2,2024-11-21 00:00:00,3075.193856649331
2,2024-11-22 00:00:00,3365.9369715466096
2,2024-11-23 00:00:00,3327.7571951719624
2,2024-11-24 00:00:00,3394.036961782547
2,2024-11-25 00:00:00,3368.7027619429946
2,2024-11-26 00:00:00,3417.291223691937
2,2024-11-27 00:00:00,3325.636532587645
2,2024-11-28 00:00:00,3666.1884904377557
2,2024-11-29 00:00:00,3579.2407862474997
2,2024-11-30 00:00:00,3598.1933212253616
2,2024-12-01 00:00:00,3709.9094391073327
2,2024-12-02 00:00:00,3708.8072387383017
2,2024-12-03 00:00:00,3643.855375704235
2,2024-12-04 00:00:00,3625.7104579497204
2,2024-12-05 00:00:00,3839.443460715871
2,2024-12-06 00:00:00,3796.8688671601276
2,2024-12-07 00:00:00,4013.726145388712
2,2024-12-08 00:00:00,4000.992076502189
2,2024-12-09 00:00:00,4015.7820212328807
2,2024-12-10 00:00:00,3713.3138979971745
2,2024-12-11 00:00:00,3626.5886417774996
2,2024-12-12 00:00:00,3828.1075883404096
2,2024-12-13 00:00:00,3878.850012073054
2,2024-12-14 00:00:00,3907.4296595053356
2,2024-12-15 00:00:00,3866.9958020348054
2,2024-12-16 00:00:00,3961.3154661802305
2,2024-12-17 00:00:00,3992.857195846062
2,2024-12-18 00:00:00,3879.4062240100893
2,2024-12-19 00:00:00,3628.2624780444953
2,2024-12-20 00:00:00,3434.6754695380805
2,2024-12-21 00:00:00,3468.658920056454
2,2024-12-22 00:00:00,3337.5972231166807
2,2024-12-23 00:00:00,3275.8894274015142
2,2024-12-24 00:00:00,3414.6414419807993
2,2024-12-25 00:00:00,3497.555287927574
2,2024-12-26 00:00:00,3494.5109273631047
2,2024-12-27 00:00:00,3327.7897761683494
2,2024-12-28 00:00:00,3328.6111553091764
2,2024-12-29 00:00:00,3397.8341205085153
2,2024-12-30 00:00:00,3357.330742971463
2,2024-12-31 00:00:00,3359.513941757392
2,2025-01-01 00:00:00,3336.6175137659498
2,2025-01-02 00:00:00,3348.967247123586
2,2025-01-03 00:00:00,3448.140436960939
2,2025-01-04 00:00:00,3604.2913795931763
2,2025-01-05 00:00:00,3660.37804173532
2,2025-01-06 00:00:00,3635.8549961807084
2,2025-01-07 00:00:00,3687.1447140588307
2,2025-01-08 00:00:00,3380.0211263090155
2,2025-01-09 00:00:00,3325.1300293537356
2,2025-01-10 00:00:00,3219.09284475812
2,2025-01-11 00:00:00,3269.1759954060667
2,2025-01-12 00:00:00,3283.591322828503
2,2025-01-13 00:00:00,3264.070968533687
2,2025-01-14 00:00:00,3134.5520394596483
2,2025-01-15 00:00:00,3224.8006483414138
2,2025-01-16 00:00:00,3447.0340476747956
2,2025-01-17 00:00:00,3309.4466139900196
2,2025-01-18 00:00:00,3477.284285084809
2,2025-01-18 10:10:51,3267.4455018783965
3,2024-01-20 00:00:00,0.5439861751074253
3,2024-01-21 00:00:00,0.552715966960041
3,2024-01-22 00:00:00,0.5467948940837077
3,2024-01-23 00:00:00,0.5254414186122119
3,2024-01-24 00:00:00,0.5175697937341619
3,2024-01-25 00:00:00,0.5183638044206802
3,2024-01-26 00:00:00,0.5137858881051207
3,2024-01-27 00:00:00,0.5321126490083735
3,2024-01-28 00:00:00,0.5300126473861743
3,2024-01-29 00:00:00,0.5240514552654629
3,2024-01-30 00:00:00,0.5352891121547717
3,2024-01-31 00:00:00,0.5109143796227651
3,2024-02-01 00:00:00,0.5027970870235438
3,2024-02-02 00:00:00,0.5059532334439473
3,2024-02-03 00:00:00,0.5100665858558499
3,2024-02-04 00:00:00,0.5190243989290595
3,2024-02-05 00:00:00,0.5033199225800314
3,2024-02-06 00:00:00,0.5060746613187489
3,2024-02-07 00:00:00,0.5051095087758172
3,2024-02-08 00:00:00,0.513397690638616
3,2024-02-09 00:00:00,0.514070497125211
3,2024-02-10 00:00:00,0.5256892872132635
3,2024-02-11 00:00:00,0.5238153826465716
3,2024-02-12 00:00:00,0.5258798759142611
3,2024-02-13 00:00:00,0.5321642961374793
3,2024-02-14 00:00:00,0.5250580324436228
3,2024-02-15 00:00:00,0.5381650785592706
3,2024-02-16 00:00:00,0.562670832075339
3,2024-02-17 00:00:00,0.5651227438068549
3,2024-02-18 00:00:00,0.549953007159745
3,2024-02-19 00:00:00,0.5569989508396108
3,2024-02-20 00:00:00,0.5623610246980961
3,2024-02-21 00:00:00,0.5632911734985222
3,2024-02-22 00:00:00,0.5494809981825469
3,2024-02-23 00:00:00,0.5411904079951343
3,2024-02-24 00:00:00,0.5348561201928979
3,2024-02-25 00:00:00,0.5447789067331453
3,2024-02-26 00:00:00,0.5426078981817037
3,2024-02-27 00:00:00,0.5513003044164156
3,2024-02-28 00:00:00,0.5873753685082636
3,2024-02-29 00:00:00,0.5765292216052678
3,2024-03-01 00:00:00,0.5872867206934944
3,2024-03-02 00:00:00,0.6016177948889795
3,2024-03-03 00:00:00,0.6435751496240234
3,2024-03-04 00:00:00,0.6266994908696154
3,2024-03-05 00:00:00,0.6511778302883091
3,2024-03-06 00:00:00,0.5952832703420226
3,2024-03-07 00:00:00,0.6129159478882317
3,2024-03-08 00:00:00,0.628380182183506
3,2024-03-09 00:00:00,0.6214824363419392
3,2024-03-10 00:00:00,0.6225142290687391
3,2024-03-11 00:00:00,0.6085560455287963
3,2024-03-12 00:00:00,0.717049252482876
3,2024-03-13 00:00:00,0.6886932062458541
3,2024-03-14 00:00:00,0.6896545611989557
3,2024-03-15 00:00:00,0.6691754077171835
3,2024-03-16 00:00:00,0.6342637439068659
3,2024-03-17 00:00:00,0.6023073384430556
3,2024-03-18 00:00:00,0.6191470281067634
3,2024-03-19 00:00:00,0.6539066224226806
3,2024-03-20 00:00:00,0.5852400045025551
3,2024-03-21 00:00:00,0.6117015793252986
3,2024-03-22 00:00:00,0.6413290562765901
3,2024-03-23 00:00:00,0.6105734569688421
3,2024-03-24 00:00:00,0.6181207994500303
3,2024-03-25 00:00:00,0.6337118239432603
3,2024-03-26 00:00:00,0.6400376129032882
3,2024-03-27 00:00:00,0.6328659194902784
3,2024-03-28 00:00:00,0.612301666174284
3,2024-03-29 00:00:00,0.624080729099987
3,2024-03-30 00:00:00,0.6305848703146155
3,2024-03-31 00:00:00,0.6210104087173386
3,2024-04-01 00:00:00,0.6289626324319613
3,2024-04-02 00:00:00,0.6121526997891189
3,2024-04-03 00:00:00,0.5852372065222671
3,2024-04-04 00:00:00,0.5753905054850376
3,2024-04-05 00:00:00,0.5934624401692647
3,2024-04-06 00:00:00,0.5880582489371499
3,2024-04-07 00:00:00,0.593399180755894
3,2024-04-08 00:00:00,0.5946706032478942
3,2024-04-09 00:00:00,0.6155434564282665
3,2024-04-10 00:00:00,0.6136939377820809
3,2024-04-11 00:00:00,0.6173727496999488
3,2024-04-12 00:00:00,0.6088535069747201
3,2024-04-13 00:00:00,0.5484622507114363
3,2024-04-14 00:00:00,0.4808669999524838
3,2024-04-15 00:00:00,0.5051394506387745
3,2024-04-16 00:00:00,0.49745578757191317
3,2024-04-17 00:00:00,0.4964339164181767
3,2024-04-18 00:00:00,0.4947978579065567
3,2024-04-19 00:00:00,0.502630196282461
3,2024-04-20 00:00:00,0.5043368864906008
3,2024-04-21 00:00:00,0.5286489200145418
3,2024-04-22 00:00:00,0.5242693710717946
3,2024-04-23 00:00:00,0.5560803600247968
3,2024-04-24 00:00:00,0.5453395286462999
3,2024-04-25 00:00:00,0.5271463755065346
3,2024-04-26 00:00:00,0.5254278109474143
3,2024-04-27 00:00:00,0.5259415260233568
3,2024-04-28 00:00:00,0.5185389193383645
3,2024-04-29 00:00:00,0.5100104939611708
3,2024-04-30 00:00:00,0.5148709146825781
3,2024-05-01 00:00:00,0.5001775403025187
3,2024-05-02 00:00:00,0.5160164931063639
3,2024-05-03 00:00:00,0.5183776413164685
3,2024-05-04 00:00:00,0.5315301341407143
3,2024-05-05 00:00:00,0.5300105607936496
3,2024-05-06 00:00:00,0.5294979420549052
3,2024-05-07 00:00:00,0.5404023687654772
3,2024-05-08 00:00:00,0.5246883754721942
3,2024-05-09 00:00:00,0.5178240893599528
3,2024-05-10 00:00:00,0.5211118430130988
3,2024-05-11 00:00:00,0.5022257971759626
3,2024-05-12 00:00:00,0.5054656906230262
3,2024-05-13 00:00:00,0.49963901538682326
3,2024-05-14 00:00:00,0.5045344061884249
3,2024-05-15 00:00:00,0.49970267189552436
3,2024-05-16 00:00:00,0.5185941502760736
3,2024-05-17 00:00:00,0.5157962414707458
3,2024-05-18 00:00:00,0.5242031832330836
3,2024-05-19 00:00:00,0.5208113211838373
3,2024-05-20 00:00:00,0.509693996151629
3,2024-05-21 00:00:00,0.5372648118448927
3,2024-05-22 00:00:00,0.5370022098070341
3,2024-05-23 00:00:00,0.52654382108452
3,2024-05-24 00:00:00,0.5290688230890979
3,2024-05-25 00:00:00,0.5350915041339305
3,2024-05-26 00:00:00,0.5414632770632677
3,2024-05-27 00:00:00,0.5282323955100391
3,2024-05-28 00:00:00,0.5339956569298308
3,2024-05-29 00:00:00,0.5280899270598433
3,2024-05-30 00:00:00,0.5230226029339523
3,2024-05-31 00:00:00,0.5189280097690969
3,2024-06-01 00:00:00,0.5180167945986709
3,2024-06-02 00:00:00,0.5180393786089577
3,2024-06-03 00:00:00,0.5131175398510724
3,2024-06-04 00:00:00,0.5200612532272225
3,2024-06-05 00:00:00,0.5258777584003161
3,2024-06-06 00:00:00,0.5262661212762775
3,2024-06-07 00:00:00,0.5216726475276374
3,2024-06-08 00:00:00,0.4988605379449048
3,2024-06-09 00:00:00,0.49317326464941763
3,2024-06-10 00:00:00,0.4985482969313284
3,2024-06-11 00:00:00,0.4967328310559781
3,2024-06-12 00:00:00,0.4802545558189862
3,2024-06-13 00:00:00,0.4914241628785715
3,2024-06-14 00:00:00,0.4765170780323178
3,2024-06-15 00:00:00,0.4741099103256599
3,2024-06-16 00:00:00,0.4906270007378955
3,2024-06-17 00:00:00,0.4885851148218891
3,2024-06-18 00:00:00,0.5044345044736291
3,2024-06-19 00:00:00,0.49069018810554654
3,2024-06-20 00:00:00,0.49299634801731906
3,2024-06-21 00:00:00,0.4885909579945817
3,2024-06-22 00:00:00,0.48864418499319384
3,2024-06-23 00:00:00,0.48627259206597917
3,2024-06-24 00:00:00,0.47895949302593144
3,2024-06-25 00:00:00,0.4743096434475131
3,2024-06-26 00:00:00,0.47552676206522965
3,2024-06-27 00:00:00,0.46941827415664006
3,2024-06-28 00:00:00,0.47456899754763543
3,2024-06-29 00:00:00,0.470758119075824
3,2024-06-30 00:00:00,0.4716715444764822
3,2024-07-01 00:00:00,0.47544675090176786
3,2024-07-02 00:00:00,0.47641789703173076
3,2024-07-03 00:00:00,0.4844080973302866
3,2024-07-04 00:00:00,0.46683128830149545
3,2024-07-05 00:00:00,0.4337163650486699
3,2024-07-06 00:00:00,0.42539142101390903
3,2024-07-07 00:00:00,0.44887065803633486
3,2024-07-08 00:00:00,0.4191789178572198
3,2024-07-09 00:00:00,0.4314648922749528
3,2024-07-10 00:00:00,0.4357682635821839
3,2024-07-11 00:00:00,0.43888320261057695
3,2024-07-12 00:00:00,0.4493147618408148
3,2024-07-13 00:00:00,0.47500366588264975
3,2024-07-14 00:00:00,0.526839519388817
3,2024-07-15 00:00:00,0.5234292029632325
3,2024-07-16 00:00:00,0.5376616453581448
3,2024-07-17 00:00:00,0.5787634815013228
3,2024-07-18 00:00:00,0.6273851564998204
3,2024-07-19 00:00:00,0.5692287514689783
3,2024-07-20 00:00:00,0.5741558232605724
3,2024-07-21 00:00:00,0.595029933937848
3,2024-07-22 00:00:00,0.5980160389473247
3,2024-07-23 00:00:00,0.6074321975785351
3,2024-07-24 00:00:00,0.5981912825646556
3,2024-07-25 00:00:00,0.6185453553161305
3,2024-07-26 00:00:00,0.5997679317152131
3,2024-07-27 00:00:00,0.6038043973469951
3,2024-07-28 00:00:00,0.5977718576875165
3,2024-07-29 00:00:00,0.6021780816719867
3,2024-07-30 00:00:00,0.6013541874571906
3,2024-07-31 00:00:00,0.627331702923322
3,2024-08-01 00:00:00,0.6241359484378766
3,2024-08-02 00:00:00,0.5964948653083605
3,2024-08-03 00:00:00,0.5608211562625613
3,2024-08-04 00:00:00,0.5561223750845103
3,2024-08-05 00:00:00,0.523000237013472
3,2024-08-06 00:00:00,0.4902573980386893
3,2024-08-07 00:00:00,0.5045865751146787
3,2024-08-08 00:00:00,0.6047117740731156
3,2024-08-09 00:00:00,0.6180253163116132
3,2024-08-10 00:00:00,0.58183869938522
3,2024-08-11 00:00:00,0.5859665998030177
3,2024-08-12 00:00:00,0.5528843062140291
3,2024-08-13 00:00:00,0.5686121537491582
3,2024-08-14 00:00:00,0.5764397935244148
3,2024-08-15 00:00:00,0.568488461134045
3,2024-08-16 00:00:00,0.5611367072808928
3,2024-08-17 00:00:00,0.5639502515238202
3,2024-08-18 00:00:00,0.566181906156675
3,2024-08-19 00:00:00,0.5641402621351506
3,2024-08-20 00:00:00,0.5991141923286195
3,2024-08-21 00:00:00,0.594394755189024
3,2024-08-22 00:00:00,0.6003970672361606
3,2024-08-23 00:00:00,0.5976871187626694
3,2024-08-24 00:00:00,0.6102506382532653
3,2024-08-25 00:00:00,0.6139391687850385
3,2024-08-26 00:00:00,0.5995127578984722
3,2024-08-27 00:00:00,0.5872790171235059
3,2024-08-28 00:00:00,0.5670252246535126
3,2024-08-29 00:00:00,0.5696993284601568
3,2024-08-30 00:00:00,0.561506372583823
3,2024-08-31 00:00:00,0.5673490796111339
3,2024-09-01 00:00:00,0.5658008208842239
3,2024-09-02 00:00:00,0.5482578347068274
3,2024-09-03 00:00:00,0.5671557310315145
3,2024-09-04 00:00:00,0.5574298894520976
3,2024-09-05 00:00:00,0.5579234385989325
3,2024-09-06 00:00:00,0.5441098914201123
3,2024-09-07 00:00:00,0.5213130558804894
3,2024-09-08 00:00:00,0.5247980291815724
3,2024-09-09 00:00:00,0.5285291709201617
3,2024-09-10 00:00:00,0.5396089614101646
3,2024-09-11 00:00:00,0.5409989520278039
3,2024-09-12 00:00:00,0.5355035586141155
3,2024-09-13 00:00:00,0.5625110835184267
3,2024-09-14 00:00:00,0.5731586762437418
3,2024-09-15 00:00:00,0.5963129007980363
3,2024-09-16 00:00:00,0.5710582563848365
3,2024-09-17 00:00:00,0.5855052549961755
3,2024-09-18 00:00:00,0.5849889783458981
3,2024-09-19 00:00:00,0.5854354281725553
3,2024-09-20 00:00:00,0.5874083871859748
3,2024-09-21 00:00:00,0.5849389522523643
3,2024-09-22 00:00:00,0.5979982229214985
3,2024-09-23 00:00:00,0.5879476818374326
3,2024-09-24 00:00:00,0.585063893554206
3,2024-09-25 00:00:00,0.5914408518035444
3,2024-09-26 00:00:00,0.5838949675172452
3,2024-09-27 00:00:00,0.590001948405351
3,2024-09-28 00:00:00,0.5891149844820397
3,2024-09-29 00:00:00,0.6150093639492326
3,2024-09-30 00:00:00,0.6425919277698904
3,2024-10-01 00:00:00,0.6119339379239672
3,2024-10-02 00:00:00,0.5974675047314544
3,2024-10-03 00:00:00,0.5388310673967639
3,2024-10-04 00:00:00,0.5216590897682057
3,2024-10-05 00:00:00,0.5347464951856385
3,2024-10-06 00:00:00,0.529571423116506
3,2024-10-07 00:00:00,0.5331799843165047
3,2024-10-08 00:00:00,0.5298164990025274
3,2024-10-09 00:00:00,0.5304632864784646
3,2024-10-10 00:00:00,0.5241586802763855
3,2024-10-11 00:00:00,0.5296651744741632
3,2024-10-12 00:00:00,0.5383034205225485
3,2024-10-13 00:00:00,0.5395284850689778
3,2024-10-14 00:00:00,0.5316807964040682
3,2024-10-15 00:00:00,0.5476009966197044
3,2024-10-16 00:00:00,0.5409632993649031
3,2024-10-17 00:00:00,0.5479583804429464
3,2024-10-18 00:00:00,0.5437042949601256
3,2024-10-19 00:00:00,0.5465644502575023
3,2024-10-20 00:00:00,0.5443283945989427
3,2024-10-21 00:00:00,0.5465831979073458
3,2024-10-22 00:00:00,0.5445056512310072
3,2024-10-23 00:00:00,0.5335396650481757
3,2024-10-24 00:00:00,0.5258264655883778
3,2024-10-25 00:00:00,0.5320282424020402
3,2024-10-26 00:00:00,0.500895433917532
3,2024-10-27 00:00:00,0.5124799627206477
3,2024-10-28 00:00:00,0.51635641669338
3,2024-10-29 00:00:00,0.5191002715669417
3,2024-10-30 00:00:00,0.528517656350638
3,2024-10-31 00:00:00,0.5226520345867254
3,2024-11-01 00:00:00,0.5091122552105335
3,2024-11-02 00:00:00,0.5131424762844533
3,2024-11-03 00:00:00,0.5097643435439516
3,2024-11-04 00:00:00,0.5030000429314513
3,2024-11-05 00:00:00,0.5028741495746917
3,2024-11-06 00:00:00,0.5128033591125852
3,2024-11-07 00:00:00,0.5424824356184882
3,2024-11-08 00:00:00,0.5543554525216197
3,2024-11-09 00:00:00,0.5540941347726905
3,2024-11-10 00:00:00,0.5574298820177034
3,2024-11-11 00:00:00,0.5894389337521334
3,2024-11-12 00:00:00,0.6193846945256621
3,2024-11-13 00:00:00,0.7125696384831737
3,2024-11-14 00:00:00,0.6911785818007724
3,2024-11-15 00:00:00,0.7740480569596668
3,2024-11-16 00:00:00,0.8907551084456163
3,2024-11-17 00:00:00,1.1228963632747573
3,2024-11-18 00:00:00,1.0602237280952598
3,2024-11-19 00:00:00,1.1193660942144246
3,2024-11-20 00:00:00,1.1012126123074732
3,2024-11-21 00:00:00,1.107063129231089
3,2024-11-22 00:00:00,1.2323909552423495
3,2024-11-23 00:00:00,1.4608507832127549
3,2024-11-24 00:00:00,1.4647330527827664
3,2024-11-25 00:00:00,1.4316792853395408
3,2024-11-26 00:00:00,1.413864313999175
3,2024-11-27 00:00:00,1.3995450660087485
3,2024-11-28 00:00:00,1.4723732146032762
3,2024-11-29 00:00:00,1.5321753824792639
3,2024-11-30 00:00:00,1.8089606822663937
3,2024-12-01 00:00:00,1.9394127481300492
3,2024-12-02 00:00:00,2.286339588570724
3,2024-12-03 00:00:00,2.7088474745217135
3,2024-12-04 00:00:00,2.5319240970814882
3,2024-12-05 00:00:00,2.3476333135494314
3,2024-12-06 00:00:00,2.254523485462072
3,2024-12-07 00:00:00,2.4172260514832065
3,2024-12-08 00:00:00,2.5927269695998327
3,2024-12-09 00:00:00,2.6181421664576834
3,2024-12-10 00:00:00,2.2158470487122726
3,2024-12-11 00:00:00,2.353484807585262
3,2024-12-12 00:00:00,2.4008764282936887
3,2024-12-13 00:00:00,2.342883102571944
3,2024-12-14 00:00:00,2.420254114567228
3,2024-12-15 00:00:00,2.3977637797048517
3,2024-12-16 00:00:00,2.4558394900030756
3,2024-12-17 00:00:00,2.4936338652184777
3,2024-12-18 00:00:00,2.5561912510090092
3,2024-12-19 00:00:00,2.2976668809594236
3,2024-12-20 00:00:00,2.255279457563669
3,2024-12-21 00:00:00,2.273996883525255
3,2024-12-22 00:00:00,2.236596962769888
3,2024-12-23 00:00:00,2.1983060900755347
3,2024-12-24 00:00:00,2.2548840492056637
3,2024-12-25 00:00:00,2.3273593261078007
3,2024-12-26 00:00:00,2.2971897897775637
3,2024-12-27 00:00:00,2.154071423410433
3,2024-12-28 00:00:00,2.14158677198617
3,2024-12-29 00:00:00,2.180869510101245
3,2024-12-30 00:00:00,2.095671915727654
3,2024-12-31 00:00:00,2.056730467743344
3,2025-01-01 00:00:00,2.079333460354608
3,2025-01-02 00:00:00,2.315149796797427
3,2025-01-03 00:00:00,2.40463192614464
3,2025-01-04 00:00:00,2.4548598712183725
3,2025-01-05 00:00:00,2.4239342995923985
3,2025-01-06 00:00:00,2.403897929295378
3,2025-01-07 00:00:00,2.4191703139906173
3,2025-01-08 00:00:00,2.277173382256464
3,2025-01-09 00:00:00,2.3749601881392275
3,2025-01-10 00:00:00,2.2766790697699415
3,2025-01-11 00:00:00,2.34255697398572
3,2025-01-12 00:00:00,2.5750017025465097
3,2025-01-13 00:00:00,2.506265236852104
3,2025-01-14 00:00:00,2.521790688596697
3,2025-01-15 00:00:00,2.665683799958985
3,2025-01-16 00:00:00,3.1717669545860816
3,2025-01-17 00:00:00,3.2435591355149156
3,2025-01-18 00:00:00,3.3071606262102122
3,2025-01-18 10:12:01,3.1253257536081636
4,2024-01-20 00:00:00,71.14433649125357
4,2024-01-21 00:00:00,71.22588532225997
4,2024-01-22 00:00:00,71.57115369128836
4,2024-01-23 00:00:00,67.12833614399263
4,2024-01-24 00:00:00,65.51200592935827
4,2024-01-25 00:00:00,66.24500092213736
4,2024-01-26 00:00:00,65.53704301964605
4,2024-01-27 00:00:00,67.0274925169401
4,2024-01-28 00:00:00,68.0816430899517
4,2024-01-29 00:00:00,68.41132305545842
4,2024-01-30 00:00:00,68.46872870265943
4,2024-01-31 00:00:00,67.47840360037264
4,2024-02-01 00:00:00,66.71784116314024
4,2024-02-02 00:00:00,67.48902123479638
4,2024-02-03 00:00:00,68.0046548405212
4,2024-02-04 00:00:00,68.76713420582229
4,2024-02-05 00:00:00,66.90125491153876
4,2024-02-06 00:00:00,67.60229065530639
4,2024-02-07 00:00:00,68.33098595801714
4,2024-02-08 00:00:00,68.55341612686139
4,2024-02-09 00:00:00,70.47516891041879
4,2024-02-10 00:00:00,70.7004800384364
4,2024-02-11 00:00:00,70.7534072018811
4,2024-02-12 00:00:00,71.51322889137052
4,2024-02-13 00:00:00,72.92847439830649
4,2024-02-14 00:00:00,69.07706549821785
4,2024-02-15 00:00:00,69.88077930529877
4,2024-02-16 00:00:00,69.80232517823738
4,2024-02-17 00:00:00,70.58251832160894
4,2024-02-18 00:00:00,69.93288651785639
4,2024-02-19 00:00:00,70.74010375602555
4,2024-02-20 00:00:00,71.33334052280433
4,2024-02-21 00:00:00,69.67739939510282
4,2024-02-22 00:00:00,68.98702481233468
4,2024-02-23 00:00:00,68.81340918542222
4,2024-02-24 00:00:00,68.77421435668461
4,2024-02-25 00:00:00,70.37263846652533
4,2024-02-26 00:00:00,70.09249897156752
4,2024-02-27 00:00:00,71.96382308756327
4,2024-02-28 00:00:00,74.0325202753105
4,2024-02-29 00:00:00,74.7527859694335
4,2024-03-01 00:00:00,80.01043622372968
4,2024-03-02 00:00:00,84.95525724167953
4,2024-03-03 00:00:00,94.32983616333166
4,2024-03-04 00:00:00,90.67959154783651
4,2024-03-05 00:00:00,88.96659448398458
4,2024-03-06 00:00:00,82.42212247970396
4,2024-03-07 00:00:00,85.74459331893243
4,2024-03-08 00:00:00,88.18822550175344
4,2024-03-09 00:00:00,88.36237127413766
4,2024-03-10 00:00:00,90.95049722612212
4,2024-03-11 00:00:00,87.52017000491257
4,2024-03-12 00:00:00,103.82468188562274
4,2024-03-13 00:00:00,97.44034055347397
4,2024-03-14 00:00:00,97.21164901454551
4,2024-03-15 00:00:00,94.03854452767864
4,2024-03-16 00:00:00,89.76486553796373
4,2024-03-17 00:00:00,83.99030206407656
4,2024-03-18 00:00:00,86.00086529234224
4,2024-03-19 00:00:00,87.45168658616991
4,2024-03-20 00:00:00,78.68667437361543
4,2024-03-21 00:00:00,84.79544783736965
4,2024-03-22 00:00:00,85.80729538834522
4,2024-03-23 00:00:00,83.16237799204237
4,2024-03-24 00:00:00,85.62729287535966
4,2024-03-25 00:00:00,89.78693079077566
4,2024-03-26 00:00:00,90.22832162523035
4,2024-03-27 00:00:00,95.78752691844737
4,2024-03-28 00:00:00,93.68112404498206
4,2024-03-29 00:00:00,94.16464287098985
4,2024-03-30 00:00:00,109.27095373121986
4,2024-03-31 00:00:00,102.9007699984764
4,2024-04-01 00:00:00,105.14070227250619
4,2024-04-02 00:00:00,99.56578761134146
4,2024-04-03 00:00:00,106.93146910446909
4,2024-04-04 00:00:00,98.77575494297639
4,2024-04-05 00:00:00,97.86031190066171
4,2024-04-06 00:00:00,98.16818676897142
4,2024-04-07 00:00:00,101.24206634675683
4,2024-04-08 00:00:00,101.08836290958595
4,2024-04-09 00:00:00,103.25068812129108
4,2024-04-10 00:00:00,97.58169573584554
4,2024-04-11 00:00:00,96.66676744685202
4,2024-04-12 00:00:00,98.71139628126683
4,2024-04-13 00:00:00,86.29201320505175
4,2024-04-14 00:00:00,77.64275062739502
4,2024-04-15 00:00:00,79.97270171061317
4,2024-04-16 00:00:00,78.11263689456094
4,2024-04-17 00:00:00,79.80475907006853
4,2024-04-18 00:00:00,80.19592503564286
4,2024-04-19 00:00:00,80.77397879963627
4,2024-04-20 00:00:00,81.06874342707924
4,2024-04-21 00:00:00,85.066457277856
4,2024-04-22 00:00:00,84.11717269336174
4,2024-04-23 00:00:00,85.44039991431802
4,2024-04-24 00:00:00,85.12914888557111
4,2024-04-25 00:00:00,83.09466284560742
4,2024-04-26 00:00:00,83.7966640367802
4,2024-04-27 00:00:00,87.98689051365693
4,2024-04-28 00:00:00,83.98995856155847
4,2024-04-29 00:00:00,83.92753002894067
4,2024-04-30 00:00:00,83.47487656773569
4,2024-05-01 00:00:00,79.54645924893653
4,2024-05-02 00:00:00,79.95607170572345
4,2024-05-03 00:00:00,80.17051047560923
4,2024-05-04 00:00:00,81.86568484770352
4,2024-05-05 00:00:00,81.68119869653759
4,2024-05-06 00:00:00,81.36785310181969
4,2024-05-07 00:00:00,80.74231319720806
4,2024-05-08 00:00:00,80.83406784165759
4,2024-05-09 00:00:00,81.62080339062334
4,2024-05-10 00:00:00,83.01887130355912
4,2024-05-11 00:00:00,80.24464837221446
4,2024-05-12 00:00:00,81.28305778699786
4,2024-05-13 00:00:00,81.38035901574813
4,2024-05-14 00:00:00,80.5936186692016
4,2024-05-15 00:00:00,78.74817228000498
4,2024-05-16 00:00:00,82.62358878113895
4,2024-05-17 00:00:00,82.45944780166619
4,2024-05-18 00:00:00,84.17114091758042
4,2024-05-19 00:00:00,83.83220408445295
4,2024-05-20 00:00:00,82.18361175718049
4,2024-05-21 00:00:00,88.56914538228209
4,2024-05-22 00:00:00,88.2205474847593
4,2024-05-23 00:00:00,85.70837210573465
4,2024-05-24 00:00:00,85.42582999561107
4,2024-05-25 00:00:00,84.86096701134178
4,2024-05-26 00:00:00,84.96013460335033
4,2024-05-27 00:00:00,83.91177699766615
4,2024-05-28 00:00:00,85.22851422445028
4,2024-05-29 00:00:00,83.38534056568965
4,2024-05-30 00:00:00,83.50989529605377
4,2024-05-31 00:00:00,84.38891869295978
4,2024-06-01 00:00:00,83.26221874184027
4,2024-06-02 00:00:00,83.41964010445693
4,2024-06-03 00:00:00,82.98686276877132
4,2024-06-04 00:00:00,82.8179388029432
4,2024-06-05 00:00:00,83.63369237372576
4,2024-06-06 00:00:00,85.47663016182673
4,2024-06-07 00:00:00,84.2006722522679
4,2024-06-08 00:00:00,80.10318290815056
4,2024-06-09 00:00:00,80.00575016994765
4,2024-06-10 00:00:00,80.5454586828477
4,2024-06-11 00:00:00,79.59333585492014
4,2024-06-12 00:00:00,77.2525122640677
4,2024-06-13 00:00:00,78.42334148174768
4,2024-06-14 00:00:00,79.10513435552609
4,2024-06-15 00:00:00,77.53192065837783
4,2024-06-16 00:00:00,79.19128864243599
4,2024-06-17 00:00:00,78.85803609720071
4,2024-06-18 00:00:00,76.60945362529897
4,2024-06-19 00:00:00,72.56318004267354
4,2024-06-20 00:00:00,73.6668207781585
4,2024-06-21 00:00:00,74.69980639579259
4,2024-06-22 00:00:00,74.08907207048706
4,2024-06-23 00:00:00,74.52984514377889
4,2024-06-24 00:00:00,73.43255316606312
4,2024-06-25 00:00:00,69.71853665539683
4,2024-06-26 00:00:00,71.36312135702708
4,2024-06-27 00:00:00,70.92977107368291
4,2024-06-28 00:00:00,73.09734155433804
4,2024-06-29 00:00:00,72.77685873137084
4,2024-06-30 00:00:00,74.99206733299786
4,2024-07-01 00:00:00,75.34021491874661
4,2024-07-02 00:00:00,74.33207970682169
4,2024-07-03 00:00:00,75.85207689193032
4,2024-07-04 00:00:00,71.96864475311841
4,2024-07-05 00:00:00,65.35718159377404
4,2024-07-06 00:00:00,61.936830326224595
4,2024-07-07 00:00:00,65.4219603887422
4,2024-07-08 00:00:00,61.916460805654744
4,2024-07-09 00:00:00,64.85099853545748
4,2024-07-10 00:00:00,65.3184506028606
4,2024-07-11 00:00:00,66.93290543357557
4,2024-07-12 00:00:00,67.46860857975646
4,2024-07-13 00:00:00,69.25963341998808
4,2024-07-14 00:00:00,69.75683387896372
4,2024-07-15 00:00:00,70.04780808085775
4,2024-07-16 00:00:00,72.48998731590693
4,2024-07-17 00:00:00,73.22257288019198
4,2024-07-18 00:00:00,71.41005276356881
4,2024-07-19 00:00:00,71.57967108477185
4,2024-07-20 00:00:00,73.46522203294556
4,2024-07-21 00:00:00,73.11299913204398
4,2024-07-22 00:00:00,74.05731559777014
4,2024-07-23 00:00:00,71.2816170860284
4,2024-07-24 00:00:00,72.99225689985545
4,2024-07-25 00:00:00,71.22265779490692
4,2024-07-26 00:00:00,68.83587364839347
4,2024-07-27 00:00:00,71.33838458435511
4,2024-07-28 00:00:00,71.43344774191617
4,2024-07-29 00:00:00,71.16491072583617
4,2024-07-30 00:00:00,73.78040822981826
4,2024-07-31 00:00:00,71.67320183843522
4,2024-08-01 00:00:00,70.21038759372956
4,2024-08-02 00:00:00,69.51688952552055
4,2024-08-03 00:00:00,64.92621454030873
4,2024-08-04 00:00:00,64.55874387841897
4,2024-08-05 00:00:00,62.26996392332534
4,2024-08-06 00:00:00,56.11578441364304
4,2024-08-07 00:00:00,58.175426214266906
4,2024-08-08 00:00:00,56.01645960946845
4,2024-08-09 00:00:00,61.31652990685019
4,2024-08-10 00:00:00,60.639310340219
4,2024-08-11 00:00:00,61.17545734282532
4,2024-08-12 00:00:00,59.69135985165209
4,2024-08-13 00:00:00,61.414266587116146
4,2024-08-14 00:00:00,63.41178317001828
4,2024-08-15 00:00:00,63.90640796862764
4,2024-08-16 00:00:00,65.23660120048154
4,2024-08-17 00:00:00,66.43203506734483
4,2024-08-18 00:00:00,67.5769088316226
4,2024-08-19 00:00:00,66.32885660733855
4,2024-08-20 00:00:00,66.40958382362982
4,2024-08-21 00:00:00,64.46211745888466
4,2024-08-22 00:00:00,64.30513998940535
4,2024-08-23 00:00:00,63.814936129928334
4,2024-08-24 00:00:00,66.19123638543921
4,2024-08-25 00:00:00,66.56987024325865
4,2024-08-26 00:00:00,64.76088192072022
4,2024-08-27 00:00:00,63.165098875387905
4,2024-08-28 00:00:00,60.4209499970027
4,2024-08-29 00:00:00,61.764205379449464
4,2024-08-30 00:00:00,62.435687448220634
4,2024-08-31 00:00:00,64.96326290779432
4,2024-09-01 00:00:00,65.05260403794101
4,2024-09-02 00:00:00,63.59357395359987
4,2024-09-03 00:00:00,65.22750866611693
4,2024-09-04 00:00:00,64.53799279274536
4,2024-09-05 00:00:00,65.4019488731798
4,2024-09-06 00:00:00,66.11871076308607
4,2024-09-07 00:00:00,63.00112718781179
4,2024-09-08 00:00:00,62.0871401433864
4,2024-09-09 00:00:00,60.84044222255631
4,2024-09-10 00:00:00,61.437610415209
4,2024-09-11 00:00:00,61.55995011946728
4,2024-09-12 00:00:00,62.13463413601792
4,2024-09-13 00:00:00,62.81332005526375
4,2024-09-14 00:00:00,64.9637247449191
4,2024-09-15 00:00:00,65.99021255867723
4,2024-09-16 00:00:00,63.37723084262069
4,2024-09-17 00:00:00,62.53037701540843
4,2024-09-18 00:00:00,63.71780354037568
4,2024-09-19 00:00:00,64.71198311188039
4,2024-09-20 00:00:00,65.43731144078264
4,2024-09-21 00:00:00,65.22526467740207
4,2024-09-22 00:00:00,66.99566140629594
4,2024-09-23 00:00:00,68.52245754612473
4,2024-09-24 00:00:00,67.04130920570583
4,2024-09-25 00:00:00,66.72175221201792
4,2024-09-26 00:00:00,66.64582498588712
4,2024-09-27 00:00:00,68.46073146299312
4,2024-09-28 00:00:00,71.16953181527641
4,2024-09-29 00:00:00,70.04731540623827
4,2024-09-30 00:00:00,69.34163165685887
4,2024-10-01 00:00:00,66.73510561539003
4,2024-10-02 00:00:00,63.39590007456649
4,2024-10-03 00:00:00,62.92579535344942
4,2024-10-04 00:00:00,63.38715150269625
4,2024-10-05 00:00:00,64.95497697781556
4,2024-10-06 00:00:00,66.21968705269899
4,2024-10-07 00:00:00,67.03474815129857
4,2024-10-08 00:00:00,64.8150717437226
4,2024-10-09 00:00:00,65.63756304141515
4,2024-10-10 00:00:00,64.52724070362842
4,2024-10-11 00:00:00,64.20079841251103
4,2024-10-12 00:00:00,65.4981703732412
4,2024-10-13 00:00:00,66.23378927275857
4,2024-10-14 00:00:00,64.7006049422069
4,2024-10-15 00:00:00,66.79626361652225
4,2024-10-16 00:00:00,70.7688808251603
4,2024-10-17 00:00:00,70.09348865651621
4,2024-10-18 00:00:00,72.83184146034205
4,2024-10-19 00:00:00,73.23702743661757
4,2024-10-20 00:00:00,74.8589836297583
4,2024-10-21 00:00:00,74.18193429769839
4,2024-10-22 00:00:00,70.72947196526188
4,2024-10-23 00:00:00,69.84009781025821
4,2024-10-24 00:00:00,70.06745305952005
4,2024-10-25 00:00:00,71.0979201676079
4,2024-10-26 00:00:00,68.4108217645933
4,2024-10-27 00:00:00,68.3734178134213
4,2024-10-28 00:00:00,71.03177933863266
4,2024-10-29 00:00:00,70.73012562005584
4,2024-10-30 00:00:00,74.07890632680119
4,2024-10-31 00:00:00,71.83805638438483
4,2024-11-01 00:00:00,69.13157676516721
4,2024-11-02 00:00:00,70.21689500127817
4,2024-11-03 00:00:00,69.16545029454562
4,2024-11-04 00:00:00,66.93877651681868
4,2024-11-05 00:00:00,65.45062792307996
4,2024-11-06 00:00:00,65.40701188656351
4,2024-11-07 00:00:00,71.0068203142269
4,2024-11-08 00:00:00,71.52426321915254
4,2024-11-09 00:00:00,72.83170626042516
4,2024-11-10 00:00:00,73.94862302993009
4,2024-11-11 00:00:00,76.51673978813817
4,2024-11-12 00:00:00,80.06727284102335
4,2024-11-13 00:00:00,77.34753191137143
4,2024-11-14 00:00:00,75.46749803535799
4,2024-11-15 00:00:00,82.02181066306547
4,2024-11-16 00:00:00,83.59730017018161
4,2024-11-17 00:00:00,95.2142942480468
4,2024-11-18 00:00:00,86.99365894607126
4,2024-11-19 00:00:00,89.18625782909633
4,2024-11-20 00:00:00,86.8346304288408
4,2024-11-21 00:00:00,83.75376337619583
4,2024-11-22 00:00:00,89.48138304479176
4,2024-11-23 00:00:00,91.93120759357886
4,2024-11-24 00:00:00,99.33830290027802
4,2024-11-25 00:00:00,97.1764692884937
4,2024-11-26 00:00:00,92.31843858851373
4,2024-11-27 00:00:00,92.7654869324501
4,2024-11-28 00:00:00,97.33862014602796
4,2024-11-29 00:00:00,95.76076941566915
4,2024-11-30 00:00:00,103.58478647814665
4,2024-12-01 00:00:00,102.82295228488405
4,2024-12-02 00:00:00,119.58467555234745
4,2024-12-03 00:00:00,134.20913087977684
4,2024-12-04 00:00:00,132.1686022445804
4,2024-12-05 00:00:00,133.69742144078307
4,2024-12-06 00:00:00,136.50322434223267
4,2024-12-07 00:00:00,136.1082131017185
4,2024-12-08 00:00:00,133.6891071572901
4,2024-12-09 00:00:00,135.64579385305427
4,2024-12-10 00:00:00,110.7153849650254
4,2024-12-11 00:00:00,109.52780789888314
4,2024-12-12 00:00:00,117.49408039305506
4,2024-12-13 00:00:00,119.14174187444354
4,2024-12-14 00:00:00,123.80170410618783
4,2024-12-15 00:00:00,118.09651150921341
4,2024-12-16 00:00:00,121.46336487381318
4,2024-12-17 00:00:00,118.36236578354912
4,2024-12-18 00:00:00,124.08809983267948
4,2024-12-19 00:00:00,108.97529745760824
4,2024-12-20 00:00:00,99.92342220240585
4,2024-12-21 00:00:00,101.32707905001391
4,2024-12-22 00:00:00,101.2921357118783
4,2024-12-23 00:00:00,99.4739962412289
4,2024-12-24 00:00:00,106.29980520657433
4,2024-12-25 00:00:00,108.39419540146325
4,2024-12-26 00:00:00,109.46769678430594
4,2024-12-27 00:00:00,102.09678367230815
4,2024-12-28 00:00:00,100.31700076753687
4,2024-12-29 00:00:00,100.59713094281878
4,2024-12-30 00:00:00,98.32759346687789
4,2024-12-31 00:00:00,99.18334064898012
4,2025-01-01 00:00:00,103.07745074703193
4,2025-01-02 00:00:00,104.61693980490949
4,2025-01-03 00:00:00,105.24749444031035
4,2025-01-04 00:00:00,112.6653704171721
4,2025-01-05 00:00:00,111.24738187091151
4,2025-01-06 00:00:00,115.34124143352793
4,2025-01-07 00:00:00,113.9944127649714
4,2025-01-08 00:00:00,102.91558256008301
4,2025-01-09 00:00:00,101.55524282890082
4,2025-01-10 00:00:00,102.24182259588156
4,2025-01-11 00:00:00,104.22560157116182
4,2025-01-12 00:00:00,104.3821278175827
4,2025-01-13 00:00:00,102.32043637084954
4,2025-01-14 00:00:00,98.50665313332506
4,2025-01-15 00:00:00,102.33668544325782
4,2025-01-16 00:00:00,117.94311612647068
4,2025-01-17 00:00:00,124.12892675022663
4,2025-01-18 00:00:00,136.85856621907038
4,2025-01-18 10:13:18,126.5030395479661
